{
    "selection_rate_privileged": 0.3631889763779528,
    "selection_rate_unprivileged": 0.40040650406504064,
    "disparate_impact": 1.102474276775288,
    "statistical_parity_difference": 0.03721752768708786,
    "equal_opportunity_difference": 0.015203182722364317
}