{
    "selection_rate_privileged": 0.581441263573544,
    "selection_rate_unprivileged": 0.26443768996960487,
    "disparate_impact": 0.4547969099137686,
    "statistical_parity_difference": -0.3170035736039391,
    "equal_opportunity_difference": -0.06055417185554168
}