{
    "biased_model": {
        "accuracy": 0.938,
        "f1_score": 0.9269729093050648,
        "fairness_metrics": {
            "selection_rate_privileged": 0.581441263573544,
            "selection_rate_unprivileged": 0.26443768996960487,
            "disparate_impact": 0.4547969099137686,
            "statistical_parity_difference": -0.3170035736039391,
            "equal_opportunity_difference": -0.06055417185554168
        }
    },
    "fair_model": {
        "accuracy": 0.8445,
        "f1_score": 0.817809021675454,
        "fairness_metrics": {
            "selection_rate_privileged": 0.42843040473840077,
            "selection_rate_unprivileged": 0.43059777102330293,
            "disparate_impact": 1.005058852641949,
            "statistical_parity_difference": 0.0021673662849021613,
            "equal_opportunity_difference": 0.2568493150684932
        },
        "thresholds": {
            "0": 0.07,
            "1": 0.9
        }
    },
    "improvement_score_pct": 99.0721159263516
}