Feature,Importance
screening_score,0.4236430043940789
age,0.2493389305081684
experience_years,0.2158839213249454
education_level,0.0712026280146448
gender,0.03993151575816252
